{"pages/account/wishlist-shared":"{{#partial \"page\"}}\n\n<div class=\"container\">\n  <article class=\"content\">\n\n    <h1 class=\"page-heading\">{{lang 'common.my_account'}}</h1>\n    {{> components/common/breadcrumbs breadcrumbs}}\n\n    <div class=\"account-content\">\n      {{> core/account/wishlist-shared}}\n    </div>\n  </article>\n</div>\n\n{{/partial}}\n\n{{> layout/base}}\n","components/common/breadcrumbs":"<ul class=\"breadcrumb-container\">\n  {{#each this}}\n    <li class=\"breadcrumb-item {{#if @last}}is-active{{/if}}\">\n      {{#if url}}\n        <a href=\"{{url}}\" class=\"breadcrumb-link\">{{name}}</a>\n      {{else}}\n        <span class=\"breadcrumb-label\">{{name}}</span>\n      {{/if}}\n    </li>\n  {{/each}}\n</ul>\n","core/account/wishlist-shared":"{{#partial 'account-heading'}}\n  {{lang 'core.account.wishlists.view_heading' name=wishlist.name}}\n{{/partial}}\n\n{{#partial 'account-content'}}\n  <section class=\"{{products_per_row_class}}\">\n    <h2 class=\"account-sub-heading\">{{lang 'core.account.wishlists.wishlist_contents'}}</h2>\n    <div class=\"account-wishlist-items account-product-wrapper\">\n      {{#each wishlist.items}}\n        {{> core/account/_private/account-product-item show_remove=true default_image=../theme_settings.default_image show_bg=../show_bg}}\n      {{/each}}\n    </div>\n  </section>\n{{/partial}}\n\n{{> core/account/_private/layout nav_page='wishlists' class='wishlist-shared'}}\n","layout/base":"<!doctype html>\r\n<html class=\"no-js\" lang=\"{{ locale_name }}\">\r\n<head>\r\n  <script>document.documentElement.className = document.documentElement.className.replace(/\\bno-js\\b/,'js');</script>\r\n\r\n  <title>{{head.title}}</title>\r\n\r\n  {{{head.meta_tags}}}\r\n  {{{head.config}}}\r\n\r\n<!-- Begin Inspectlet Embed Code -->\r\n<script type=\"text/javascript\" id=\"inspectletjs\">\r\nwindow.__insp = window.__insp || [];\r\n__insp.push(['wid', 383996364]);\r\n(function() {\r\nfunction ldinsp(){if(typeof window.__inspld != \"undefined\") return; window.__inspld = 1; var insp = document.createElement('script'); insp.type = 'text/javascript'; insp.async = true; insp.id = \"inspsync\"; insp.src = ('https:' == document.location.protocol ? 'https' : 'http') + '://cdn.inspectlet.com/inspectlet.js'; var x = document.getElementsByTagName('script')[0]; x.parentNode.insertBefore(insp, x); };\r\nsetTimeout(ldinsp, 500); document.readyState != \"complete\" ? (window.attachEvent ? window.attachEvent('onload', ldinsp) : window.addEventListener('load', ldinsp, false)) : ldinsp();\r\n})();\r\n</script>\r\n<!-- End Inspectlet Embed Code -->\r\n\r\n  <link href=\"{{head.favicon}}\" rel=\"shortcut icon\">\r\n  <meta name=\"viewport\" content=\"width=device-width, initial-scale=1, maximum-scale=1\">\r\n  <style type=\"text/css\">\r\n    @font-face {\r\n      font-family: \"Social Icons\";\r\n      src: url({{cdn \"assets/pxu-social.eot\"}});\r\n      src: url({{cdn \"assets/pxu-social.woff\"}}) format(\"woff\");\r\n      font-weight: normal;\r\n      font-style: normal;\r\n    }\r\n  </style>\r\n  {{{stylesheet '/assets/css/theme.css'}}}\r\n  {{ getFontsCollection }}\r\n\r\n  {{{head.scripts}}}\r\n  {{{head.rsslinks}}}\r\n  {{inject 'themeImageSizes' theme_settings._images}}\r\n  {{> components/global-injects}}\r\n  {{{snippet 'htmlhead'}}}\r\n  {{#if page_type '===' 'product'}}\r\n    {{> components/common/facebook-like}}\r\n  {{else if page_type '===' 'blog' }}\r\n    {{> components/common/facebook-like}}\r\n  {{else if page_type '===' 'blog_post' }}\r\n    {{> components/common/facebook-like}}\r\n  {{/if}}\r\n</head>\r\n\r\n<body class=\"{{page_type}} {{#unless in_production}}dev-environment{{/unless}}\">\r\n  {{{snippet 'header'}}}\r\n\r\n  {{> components/common/banners banners location=\"top\"}}\r\n\r\n  {{> components/header}}\r\n\r\n  <main class=\"main-content\">\r\n    {{#block \"page\"}}{{/block}}\r\n  </main>\r\n\r\n  <script src=\"{{cdn '/assets/js/bundle.js'}}\"></script>\r\n  <script>\r\n    // Exported in app.js\r\n    window.stencilBootstrap(\"{{template_file}}\", {{jsContext}}).load();\r\n  </script>\r\n\r\n  {{> components/footer}}\r\n\r\n  {{> components/common/banners banners location=\"bottom\"}}\r\n\r\n  {{{footer.scripts}}}\r\n  {{{snippet 'footer'}}}\r\n</body>\r\n</html>\r\n","core/account/_private/account-product-item":"{{!\n  A single product, as shown in a listing.\n\n  @param this object\n         A product object.\n\n  @param show_quickshop bool\n         If true, include a link that can be used to open a quickshop modal.\n\n  @param show_compare bool\n         If true, include a checkbox to select products to compare.\n\n  @param show_remove bool\n         If true, include remove from cart form. Requires `remove_url` to be\n         available.\n\n  @param show_rating bool\n         If true, include the product's rating if there are enough votes.\n}}\n<article class=\"account-product-item\">\n  <figure class=\"account-product-item-thumbnail\" {{#if show_bg}}style=\"background-image: url({{getImage image 'account-product-thumbnail' (cdn default_image)}})\"{{/if}}>\n    <a href=\"{{url}}\" title=\"{{name}}\">\n      <img src=\"{{getImage image 'account-product-thumbnail' (cdn default_image)}}\" alt=\"{{image.alt}}\">\n    </a>\n\n    {{#if price.saved}}\n      <div class=\"account-product-item-sale-tag\">{{lang 'core.product.sale'}}</div>\n    {{/if}}\n\n    {{#if show_remove}}\n      <form class=\"form account-product-item-remove\" action=\"{{remove_url}}\" method=\"post\">\n        <input type=\"submit\" value=\"&times;\">\n      </form>\n    {{/if}}\n  </figure>\n\n  <div class=\"account-product-item-details\">\n    {{#if show_rating}}\n      {{> core/products/rating rating=rating}}\n    {{/if}}\n\n    <h3 class=\"account-product-item-title\">\n      <a href=\"{{url}}\" title=\"{{name}}\">{{name}}</a>\n    </h3>\n\n    {{#if brand.name}}\n      <span class=\"account-product-item-brand\">\n        <a href=\"{{brand.url}}\">{{brand.name}}</a>\n      </span>\n    {{/if}}\n\n    <div class=\"account-product-item-price\">\n      {{> core/products/price}}\n    </div>\n\n    {{#if show_compare}}\n      <label class=\"form-label account-product-item-compare\" for=\"compare-{{id}}\">\n        <input type=\"checkbox\" class=\"form-input form-checkbox\" name=\"products[]\" value=\"{{id}}\" id=\"compare-{{id}}\">\n        <span class=\"form-label-text\">{{lang 'core.product.compare'}}</span>\n      </label>\n    {{/if}}\n  </div>\n\n  {{#if show_quickshop}}\n    <a href=\"{{url}}\" class=\"account-product-item-quickshop\" data-quick-shop data-product-id=\"{{id}}\">{{lang 'core.product.quickshop.view'}}</a>\n  {{/if}}\n</article>\n","core/account/_private/layout":"{{!\n  A wrapper for all account pages.\n\n  @block account-heading\n         The page's title.\n\n  @block account-content\n         The content for the main part of the layout.\n\n  @param class string\n         A name for the current page, added as a class to the account wrapper.\n\n  @param nav string\n         If \"hidden\", no nav will be shown.\n\n  @param nav_page string\n         If matches a string in navigation.html, that link will be made active.\n\n  @param header string\n         If \"hidden\", no header will be shown.\n         If \"top\", header will be shown above the nav.\n         Otherwise, header will be shown above the content.\n}}\n<section class=\"account-wrapper account-page-{{class}}{{#if nav '===' 'hidden'}} account-nav-hidden{{/if}}\">\n  {{#if header '===' 'top'}}{{> core/account/_private/layout-heading}}{{/if}}\n\n  {{#if nav '!==' 'hidden'}}\n    {{> core/account/_private/navigation nav_page=nav_page}}\n  {{/if}}\n\n  <div class=\"account-body\">\n    {{#unless header}}{{> core/account/_private/layout-heading}}{{/unless}}\n\n    <div class=\"account-content\">\n      {{#block 'account-content'}}{{/block}}\n    </div>\n  </div>\n</section>\n","components/global-injects":"{{!-- form validation --}}\n{{inject 'validationRequired' (lang 'forms.validation.required')}}\n{{inject 'validationEmail' (lang 'forms.validation.email')}}\n{{inject 'validationNumber' (lang 'forms.validation.number')}}\n{{inject 'validationNumMax' (lang 'forms.validation.num_max')}}\n{{inject 'validationNumMin' (lang 'forms.validation.num_min')}}\n{{inject 'validationNumRange' (lang 'forms.validation.num_range')}}\n{{inject 'validationMaxLength' (lang 'forms.validation.max_length')}}\n{{inject 'validationMinLength' (lang 'forms.validation.min_length')}}\n{{inject 'validationMaxChecked' (lang 'forms.validation.max_checked')}}\n{{inject 'validationMinChecked' (lang 'forms.validation.min_checked')}}\n{{inject 'validationMaxSelected' (lang 'forms.validation.max_selected')}}\n{{inject 'validationMinSelected' (lang 'forms.validation.min_selected')}}\n{{inject 'validationNotEqual' (lang 'forms.validation.not_equal')}}\n{{inject 'validationDifferent' (lang 'forms.validation.different')}}\n\n{{!-- product strings --}}\n{{inject 'addSuccess' (lang 'product.success')}}\n{{inject 'addToCart' (lang 'product.add_to_cart')}}\n{{inject 'productYouSave' (lang 'core.price.you_save' amount='{amount}')}}\n{{inject 'productIncludingTax' (lang 'product.including_tax')}}\n{{inject 'productExcludingTax' (lang 'product.excluding_tax')}}\n{{inject 'cartLink' (lang 'product.cart_link')}}\n{{inject 'checkoutLink' (lang 'product.checkout_link')}}\n{{inject 'errorMessageGeneral' (lang 'product.error_message_general')}}\n{{inject 'homeLink' (lang 'product.home_link')}}\n{{inject 'outOfStock' (lang 'product.error_message_stock')}}\n{{inject 'preOrder' (lang 'product.pre_order')}}\n{{inject 'soldOut' (lang 'product.sold_out')}}\n{{inject 'quantityAlertLessThan' (lang 'product.quantity_alert_less_than_error' value='{value}' min='{min}')}}\n{{inject 'quantityAlertMoreThan' (lang 'product.quantity_alert_less_than_error' value='{value}' max='{max}')}}\n\n{{inject 'urlsCart' urls.cart}}\n{{inject 'urlsCheckout' urls.checkout.single_address}}\n","components/common/facebook-like":"{{#any settings.add_this.buttons service='facebook_like'}}\n  <div id=\"fb-root\"></div>\n  <script>(function(d, s, id) {\n    var js, fjs = d.getElementsByTagName(s)[0];\n    if (d.getElementById(id)) return;\n    js = d.createElement(s); js.id = id;\n    js.src = \"//connect.facebook.net/en_US/sdk.js#xfbml=1&version=v2.5\";\n    fjs.parentNode.insertBefore(js, fjs);\n  }(document, 'script', 'facebook-jssdk'));</script>\n{{/any}}\n","components/common/banners":"{{#if location '===' 'top'}}\n  {{#if this.top}}\n    <div class=\"banners banners-top\">\n      {{#each this.top}}\n        <div class=\"banner rte\">\n          {{{this}}}\n        </div>\n      {{/each}}\n    </div>\n  {{/if}}\n{{/if}}\n\n{{#if location '===' 'bottom'}}\n  {{#if this.bottom}}\n    <div class=\"banners banners-bottom\">\n      {{#each this.bottom}}\n        <div class=\"banner rte\">\n          {{{this}}}\n        </div>\n      {{/each}}\n    </div>\n  {{/if}}\n{{/if}}\n","components/header":"\n<header class=\"main-header {{theme_settings.logo-position}} {{theme_settings.menu-type}} {{theme_settings.header-layout}}\" role=\"banner\">\n\n  <div class=\"primary-navigation\">\n\n    <button class=\"nav-menu-toggle\"><span class=\"icon\"></span><span class=\"text\">Menu</span></button>\n    {{#if theme_settings.header-layout '===' 'split-menu'}}\n      {{> components/brand/logo}}\n    {{/if}}\n\n    {{> components/navigation}}\n\n  </div>\n\n  <div class=\"header-tools\">\n\n    {{#if theme_settings.header-layout '===' 'split-menu'}}\n      {{> components/currency-selector}}\n    {{/if}}\n\n    {{#if theme_settings.header-layout '===' 'no-split-menu'}}\n      {{#if theme_settings.logo-position '===' 'logo-center'}}\n        {{> components/currency-selector}}\n      {{/if}}\n    {{/if}}\n\n    {{#if theme_settings.header-layout '===' 'no-split-menu'}}\n      {{> components/brand/logo}}\n    {{/if}}\n\n    <div class=\"shopping-tools\">\n      {{#if theme_settings.header-layout '===' 'no-split-menu'}}\n        {{#if theme_settings.logo-position '!==' 'logo-center'}}\n          {{> components/currency-selector}}\n        {{/if}}\n      {{/if}}\n      <a class=\"shopping-links cart-preview-trigger\" data-cart-count=\"{{cart.quantity}}\" href=\"{{urls.cart}}\">\n        <span class=\"cart-quantity\" id=\"cart-preview-count\">{{cart.quantity}}</span>\n        <span class=\"cart-label\">{{lang 'cart_preview.label'}}</span>\n      </a>\n\n      <div class=\"cart-preview-wrap\" id=\"cart-preview-container\" data-cart-preview-wrap>\n        {{> components/cart-preview}}\n      </div>\n\n      {{> components/account-links}}\n\n      <span class=\"search-toggle\">{{lang 'header.search'}}{{> components/common/icons/search}}</span>\n    </div>\n  </div>\n\n</header>\n","components/footer":"<footer class=\"main-footer {{#if theme_settings.show_footer_brands}}footer-has-brands{{/if}}\">\r\n  {{#if settings.show_newsletter_box}}\r\n    <section class=\"site-subscribe\">\r\n      {{> components/common/newsletter-subscribe}}\r\n    </section>\r\n  {{/if}}\r\n\r\n  <div class=\"site-footer-wrap\">\r\n\r\n    <div class=\"site-footer\">\r\n\r\n      <section class=\"site-footer-item footer-branding\">\r\n        {{#if settings.store_logo.image.data}}\r\n          <a class=\"logo\" href=\"/\">\r\n            <img class=\"header-logo-image\" src=\"{{getImage settings.store_logo.image 'logo'}}\" alt=\"{{settings.store_logo.image.alt}}\">\r\n          </a>\r\n        {{else}}\r\n          <h1 class=\"text\"><a href=\"/\">{{settings.store_logo.title}}</a></h1>\r\n        {{/if}}\r\n      </section>\r\n\r\n      <nav class=\"site-footer-item site-page-nav\">\r\n        <ul>\r\n          {{#each pages}}\r\n            <li class=\"site-footer-nav-item\"><a href=\"{{url}}\">{{name}}</a></li>\r\n          {{/each}}\r\n          {{#all settings.gift_certificates_enabled urls.gift_certificate.purchase}}\r\n            <li class=\"site-footer-nav-item\"><a href=\"{{urls.gift_certificate.purchase}}\">{{lang 'footer.purchase_gift_certificates'}}</a></li>\r\n          {{/all}}\r\n          {{#if theme_settings.sitemap}}\r\n            {{#if urls.sitemap}}\r\n              <li class=\"site-footer-nav-item\"><a href=\"{{urls.sitemap}}\">{{lang 'common.sitemap'}}</a></li>\r\n            {{/if}}\r\n          {{/if}}\r\n          <li class=\"site-footer-nav-item\"><a href=\"/wholesale/\">Wholesale</a></li>\r\n          <li class=\"site-footer-nav-item\"><a href=\"/corporate-gifting/\">Corporate Gifting</a></li>\r\n        </ul>\r\n      </nav>\r\n\r\n      <nav class=\"site-footer-item site-category-nav\">\r\n        <ul>\r\n          {{#each categories}}\r\n            <li class=\"site-footer-nav-item\"><a href=\"{{url}}\">{{name}}</a></li>\r\n          {{/each}}\r\n          <li class=\"site-footer-nav-item\"><a href=\"/serving-trays/\">Serving Trays</a></li>\r\n          <li class=\"site-footer-nav-item\"><a href=\"/carving-boards/\">Carving Boards</a></li>\r\n          <li class=\"site-footer-nav-item\"><a href=\"/cheese-boards/\">Cheese Boards</a></li>\r\n        </ul>\r\n      </nav>\r\n\r\n      {{#if theme_settings.show_footer_brands}}\r\n        <nav class=\"site-footer-item site-brand-nav\">\r\n          <ul>\r\n            {{#each shop_by_brand}}\r\n              <li class=\"site-footer-nav-item\"><a href=\"{{url}}\">{{name}}</a></li>\r\n            {{/each}}\r\n            {{#if 10 '<' shop_by_brand.length}}\r\n              <li class=\"footer-menu-catchall\">\r\n                <a href=\"{{{urls.brands}}}\">{{lang 'footer.all_brands'}} {{heading}}</a>\r\n              </li>\r\n            {{/if}}\r\n          </ul>\r\n        </nav>\r\n      {{/if}}\r\n\r\n      <nav class=\"site-footer-item social-icon-nav\">\r\n        <span class=\"connect-label\">{{lang 'footer.connect'}}</span>\r\n        <ul class=\"social-icon-list\">\r\n          {{#each social_media}}\r\n            <li class=\"social-link {{#if display_name '===' 'google+'}}google-plus{{else}}{{display_name}}{{/if}}\">\r\n              <a href=\"{{url}}\" class=\"{{display_name}}\" target=\"_blank\"></a>\r\n            </li>\r\n          {{/each}}\r\n        </ul>\r\n      </nav>\r\n\r\n      <section class=\"site-footer-item site-info\">\r\n        {{#if theme_settings.payment-visa}}\r\n          <div class=\"payment-type payment-type-visa\">\r\n            {{> components/common/icons/payment/visa}}\r\n          </div>\r\n        {{/if}}\r\n        {{#if theme_settings.payment-mastercard}}\r\n          <div class=\"payment-type payment-type-mastercard\">\r\n            {{> components/common/icons/payment/mastercard}}\r\n          </div>\r\n        {{/if}}\r\n        {{#if theme_settings.payment-american-express}}\r\n          <div class=\"payment-type payment-type-american-express\">\r\n            {{> components/common/icons/payment/american-express}}\r\n          </div>\r\n        {{/if}}\r\n        {{#if theme_settings.payment-discover}}\r\n          <div class=\"payment-type payment-type-discover\">\r\n            {{> components/common/icons/payment/discover}}\r\n          </div>\r\n        {{/if}}\r\n        {{#if theme_settings.payment-paypal}}\r\n          <div class=\"payment-type payment-type-paypal\">\r\n            {{> components/common/icons/payment/paypal}}\r\n          </div>\r\n        {{/if}}\r\n        {{#if theme_settings.payment-apple-pay}}\r\n          <div class=\"payment-type payment-type-apple-pay\">\r\n            {{> components/common/icons/payment/apple-pay}}\r\n          </div>\r\n        {{/if}}\r\n        {{#or theme_settings.theme-credits theme_settings.show_footer_copyright}}\r\n          <p class=\"footer-trademark\">\r\n            {{#if theme_settings.show_footer_copyright}}\r\n              <span class=\"footer-copyright\">\r\n                &copy; <script>document.write(new Date().getFullYear())</script> {{{ settings.store_name }}}\r\n              </span>\r\n            <!-- {{/if}}\r\n            {{#if theme_settings.theme-credits}}\r\n              {{{ lang 'footer.theme_attribution'\r\n                theme_name='Chelsea'\r\n                developed='<a href=\"http://pixelunion.net\" target=\"_blank\">Pixel Union</a>'\r\n                powered_by='<a href=\"https://www.bigcommerce.com/\" target=\"_blank\" rel=\"nofollow\">BigCommerce</a>'\r\n              }}}\r\n            {{/if}} -->\r\n          </p>\r\n        {{/or}}\r\n      </section>\r\n\r\n    </div>\r\n\r\n  </div>\r\n</footer>\r\n","core/products/rating":"{{!\n  Shows the product's overall rating as N out of 5 stars.\n\n  @param rating number\n         The product's rating.\n\n  @param total number\n         The number of votes.\n}}\n{{#if rating \">=\" 0}}\n  <div class=\"rating\">\n    <div class=\"rating-stars\" aria-hidden=\"true\">\n      {{#enumerate 1 5}}\n        {{#if ../rating '>=' this}}\n          <span class=\"rating-star rating-star-full\"></span>\n        {{else}}\n          <span class=\"rating-star rating-star-empty\"></span>\n        {{/if}}\n      {{/enumerate}}\n    </div>\n\n    <span class=\"rating-score\">{{rating}}</span>\n\n    {{#if total}}\n      <span class=\"rating-votes\">{{lang 'core.rating.total_votes' votes=total}}</span>\n    {{/if}}\n  </div>\n{{/if}}\n","core/products/price":"{{!\n  Shows a product's price.\n\n  Prices are fairly complicated. Besides having to be able to show the price\n  with and without tax, a merchant can also assign a Recommended Retail Price,\n  and a Sale Price.\n\n  This means that in extreme cases, we have to show 4 different prices at once.\n\n  When a Sale Price is set we do not have direct access to it--instead it\n  overwrites the regular price.\n\n  @param price object\n\n  @param show_savings bool\n         If true, show a label saying how much is saved from the full price.\n}}\n{{#if price}}\n  <div class=\"price\" itemprop=\"offers\" itemscope itemtype=\"http://schema.org/Offer\">\n    {{#if schema_org}}\n      <meta itemprop=\"priceCurrency\" content=\"{{currency_selector.active_currency_code}}\">\n\n      {{#if price.without_tax}}\n        <meta itemprop=\"price\" content=\"{{price.without_tax.value}}\">\n      {{else}}\n        <meta itemprop=\"price\" content=\"{{price.with_tax.value}}\">\n      {{/if}}\n    {{/if}}\n\n\n    {{#if price.without_tax}}\n      <span class=\"price-withouttax\" data-price=\"without-tax\">\n        {{#if price.rrp_without_tax}}\n          <span class=\"price-rrp\" data-price-rrp=\"without-tax\">\n            {{price.rrp_without_tax.formatted}}\n          </span>\n        {{/if}}\n\n        <span class=\"price-value\" data-price-value=\"without-tax\">\n          {{price.without_tax.formatted}}\n        </span>\n\n        {{#if price.with_tax}}\n          <span class=\"price-tax-label\">{{lang 'core.price.without_tax' tax_label=price.tax_label}}</span>\n        {{/if}}\n      </span>\n    {{/if}}\n\n\n    {{#if price.with_tax}}\n      <span class=\"price-withtax\" data-price=\"with-tax\">\n        {{#if price.rrp_with_tax}}\n          <span class=\"price-rrp\" data-price-rrp=\"with-tax\">\n            {{price.rrp_with_tax.formatted}}\n          </span>\n        {{/if}}\n\n        <span class=\"price-value\" data-price-value=\"with-tax\">\n          {{price.with_tax.formatted}}\n        </span>\n\n        {{#if price.without_tax}}\n          <span class=\"price-tax-label\">{{lang 'core.price.with_tax' tax_label=price.tax_label}}</span>\n        {{/if}}\n      </span>\n    {{/if}}\n\n\n    {{#if show_savings}}\n      {{#if price.saved}}\n        <span class=\"price-saved\" data-price-saved>\n          {{lang 'core.price.you_save' amount=price.saved.formatted}}\n        </span>\n      {{/if}}\n    {{/if}}\n  </div>\n{{/if}}\n","core/account/_private/layout-heading":"<div class=\"account-header\">\n  <h1 class=\"account-heading\">{{#block 'account-heading'}}{{/block}}</h1>\n\n  <div class=\"account-toolbar\">{{#block 'account-toolbar'}}{{/block}}</div>\n</div>\n","core/account/_private/navigation":"<nav class=\"account-nav\">\n  <ul class=\"account-nav-list\">\n    <li class=\"account-nav-item{{#if nav_page '===' 'orders'}} is-active{{/if}}\">\n      <a class=\"account-nav-link\" href=\"{{urls.account.orders.all}}\">{{lang 'core.account.menu.orders'}}</a>\n    </li>\n\n    {{#if settings.returns_enabled}}\n      <li class=\"account-nav-item{{#if nav_page '===' 'returns'}} is-active{{/if}}\">\n        <a class=\"account-nav-link\" href=\"{{urls.account.returns}}\">{{lang 'core.account.menu.returns'}}</a>\n      </li>\n    {{/if}}\n\n    <li class=\"account-nav-item{{#if nav_page '===' 'messages'}} is-active{{/if}}\">\n      <a class=\"account-nav-link\" href=\"{{urls.account.inbox}}\">{{lang 'core.account.menu.messages'}}\n        {{#if customer.num_new_messages}}\n          <span class=\"account-nav-badge\">{{customer.num_new_messages}}</span>\n        {{/if}}\n      </a>\n    </li>\n\n    <li class=\"account-nav-item{{#if nav_page '===' 'addresses'}} is-active{{/if}}\">\n      <a class=\"account-nav-link\" href=\"{{urls.account.addresses}}\">{{lang 'core.account.menu.addresses'}}</a>\n    </li>\n\n    {{#if settings.show_wishlist}}\n      <li class=\"account-nav-item{{#if nav_page '===' 'wishlists'}} is-active{{/if}}\">\n        <a class=\"account-nav-link\" href=\"{{urls.account.wishlists.all}}\">{{lang 'core.account.menu.wishlists'}}</a>\n      </li>\n    {{/if}}\n\n    <li class=\"account-nav-item{{#if nav_page '===' 'recent_items'}} is-active{{/if}}\">\n      <a class=\"account-nav-link\" href=\"{{urls.account.recent_items}}\">{{lang 'core.account.menu.recently_viewed'}}</a>\n    </li>\n\n    <li class=\"account-nav-item{{#if nav_page '===' 'settings'}} is-active{{/if}}\">\n      <a class=\"account-nav-link\" href=\"{{urls.account.details}}\">{{lang 'core.account.menu.settings'}}</a>\n    </li>\n  </ul>\n\n  {{#if customer.store_credit.value '>' 0}}\n    {{> core/alerts/alert-success (lang 'core.account.common.store_credit' store_credit=customer.store_credit.formatted)}}\n  {{/if}}\n</nav>\n","components/brand/logo":"<div class=\"branding\">\n  {{#if settings.store_logo.image.data}}\n    <a class=\"logo\" href=\"/\">\n      <img class=\"header-logo-image\" src=\"{{getImage settings.store_logo.image 'logo'}}\" alt=\"{{settings.store_logo.image.alt}}\">\n    </a>\n  {{else}}\n    <h1 class=\"text\"><a href=\"/\">{{settings.store_logo.title}}</a></h1>\n  {{/if}}\n</div>\n","components/navigation":"\n<nav class=\"main-menu\">\n  <div class=\"mobile-search\">\n    {{> components/search-form}}\n  </div>\n  <ul class=\"nav-menu\n    {{#if theme_settings.show-pages '===' false}}\n      {{#if theme_settings.menu-type '!==' 'main-nav'}}\n        small-menu\n      {{/if}}\n    {{/if}}\"\n  >\n\n    {{#if theme_settings.show-home-link}}\n      <li class=\"nav-menu-item\">\n        <a href=\"{{urls.home}}\">{{lang 'common.home_link'}}</a>\n      </li>\n    {{/if}}\n\n    {{#if theme_settings.show-categories}}\n      {{#if theme_settings.menu-type '===' 'basic-nav'}}\n        <li class=\"nav-menu-item has-dropdown has-shop-link\">\n          <a href=\"#\" data-shop-link>{{lang 'common.shop_all'}}</a>\n          <div class=\"nav-submenu\">\n            <div class=\"nav-submenu-arrow\"><div class=\"nav-submenu-arrow-inner\"></div></div>\n            <span class=\"nav-overflow\">\n              <ul>\n                {{#each categories}}\n                  <li class=\"nav-submenu-item {{#if children}}has-dropdown{{/if}}\">\n                    {{> components/navigation-item has_children=children}}\n                  </li>\n                {{/each}}\n              </ul>\n            </span>\n          </div>\n          <i class=\"nav-arrow-icon\"></i>\n        </li>\n      {{/if}}\n      {{#if theme_settings.menu-type '===' 'expanded-nav'}}\n        <li class=\"nav-menu-item has-dropdown has-shop-link\">\n          <a href=\"#\" data-shop-link>{{lang 'common.shop_all'}}</a>\n          <div class=\"nav-submenu\">\n            <div class=\"nav-submenu-arrow\">\n              <div class=\"nav-submenu-arrow-inner\"></div>\n            </div>\n            <span class=\"nav-overflow\">\n              <ul>\n                {{#each categories}}\n                  <li class=\"nav-submenu-item {{#if children}}has-dropdown{{/if}}\">\n                    {{> components/navigation-item has_children=children}}\n                  </li>\n                {{/each}}\n              </ul>\n            </span>\n          </div>\n          <i class=\"nav-arrow-icon\"></i>\n        </li>\n      {{/if}}\n      {{#if theme_settings.menu-type '===' 'main-nav'}}\n        {{#each categories}}\n          <li class=\"nav-menu-item {{#if children}}has-dropdown{{/if}}\">\n            {{> components/navigation-item has_children=children}}\n            {{#if children}}\n              <i class=\"nav-arrow-icon\"></i>\n            {{/if}}\n          </li>\n        {{/each}}\n      {{/if}}\n    {{/if}}\n\n    {{#if theme_settings.show-pages}}\n      {{#each pages}}\n        <li class=\"nav-menu-item {{#if children}}has-dropdown{{/if}}\">\n          {{> components/navigation-item has_children=children}}\n          {{#if children}}\n            <i class=\"nav-arrow-icon\"></i>\n          {{/if}}\n        </li>\n      {{/each}}\n    {{/if}}\n\n    <li class=\"nav-menu-item has-dropdown more\">\n      <a href=\"#\">{{lang 'common.more_pages'}}</a>\n      <ul class=\"overflow nav-submenu\">\n        <div class=\"nav-submenu-arrow\">\n          <div class=\"nav-submenu-arrow-inner\"></div>\n        </div>\n      </ul>\n        <i class=\"nav-arrow-icon\"></i>\n    </li>\n\n  </ul>\n  {{> components/account-links}}\n</nav>\n{{> components/search-form}}\n","components/currency-selector":"{{#if currency_selector.currencies.length '>' 1}}\n  <div class=\"currency-selector-wrapper\">\n    <label class=\"currency-selector-label\" for=\"currency-switcher\">\n      <span data-currency-selector-toggle>{{currency_selector.active_currency_code}}\n        {{> components/common/icons/down-arrow}}\n      </span>\n    </label>\n      <select class=\"currency-selector\">\n        {{#each currency_selector.currencies}}\n          <option value=\"{{switch_url}}\" {{#if is_active}}selected{{/if}}>\n            {{name}}\n          </option>\n        {{/each}}\n      </select>\n  </div>\n{{/if}}\n","components/cart-preview":"<div class=\"cart-preview\" id=\"cart-preview\" data-count=\"{{cart.quantity}}\">\n\n  {{#if cart.items}}\n    <div class=\"cart-preview-body\">\n\n      <ul class=\"cart-preview-list\">\n        {{#each cart.items}}\n          <li class=\"cart-preview-list-item\">\n\n            <a class=\"cart-preview-list-item-remove\" data-product-id=\"{{id}}\" href=\"{{remove_url}}\">&times;</a>\n\n            {{#if image}}\n              <div class=\"cart-preview-list-item-image-wrap\">\n                <div class=\"cart-preview-list-item-image\">\n                  <a href=\"{{url}}\">\n                    <img src=\"{{getImage image 'thumbnail' default_image}}\"/>\n                  </a>\n                </div>\n              </div>\n            {{else}}\n              <div class=\"cart-preview-list-item-image-wrap\">\n                <div class=\"cart-preview-list-item-image\">\n                  <a href=\"{{url}}\">\n                    <img src=\"{{getImage image 'thumbnail' ../../theme_settings.default_image}}\"/>\n                  </a>\n                </div>\n              </div>\n            {{/if}}\n\n            <div class=\"cart-preview-list-item-details\">\n\n              <div class=\"cart-preview-list-item-brand\">\n                {{brand.name}}\n              </div>\n\n              <div class=\"cart-preview-list-item-name\">\n                <a href=\"{{url}}\" alt=\"{{name}}\">{{name}}</a>\n              </div>\n\n              {{#if options.length}}\n                <div class=\"cart-preview-list-options\">\n                  {{#each options}}\n                    {{name}}:&nbsp;{{value}}{{#unless @last}}, {{/unless}}\n                  {{/each}}\n                </div>\n              {{/if}}\n\n              <div class=\"cart-preview-list-item-price\">\n                <span class=\"{{#if price_discounted}}price-discounted{{/if}}\">{{price.formatted}}</span>\n                {{#if price_discounted}}\n                  <span class=\"cart-item-discount\">{{price_discounted.formatted}}</span>\n                {{/if}}\n                <span class=\"multiplier\"> &times;</span> {{quantity}}\n              </div>\n            </div>\n\n          </li>\n        {{/each}}\n      </ul>\n\n    </div>\n\n    <div class=\"cart-preview-footer\">\n      {{#if cart.discount.value \"<\" 0}}\n        <div class=\"cart-preview-discount\">\n          <div class=\"cart-preview-total-price\">\n            {{lang 'cart.discount'}} {{cart.discount.formatted}}\n          </div>\n        </div>\n      {{/if}}\n      {{#if cart.taxes}}\n        <div class=\"cart-preview-taxes\">\n          {{#each cart.taxes}}\n          <div class=\"cart-preview-tax\">\n            <div class=\"cart-preview-total-price\">\n              {{name}} {{cost.formatted}}\n            </div>\n          </div>\n          {{/each}}\n        </div>\n      {{/if}}\n      <div class=\"cart-preview-pricing\">\n        <p class=\"cart-preview-total-price\">{{lang 'header.total'}} &nbsp; {{{cart.grand_total.formatted}}}</p>\n      </div>\n      <a href=\"{{urls.cart}}\" class=\"button secondary\"><span>{{lang 'header.view_cart'}}</span></a>\n      <a href=\"{{urls.checkout.single_address}}\" class=\"button\">{{lang 'cart_preview.checkout.title'}}</a>\n    </div>\n\n  {{else}}\n    <p class=\"cart-preview-empty\">{{lang 'cart_preview.checkout.empty_cart'}}</p>\n  {{/if}}\n  <div id=\"cart-preview-overlay\" class=\"cart-preview-overlay\"></div>\n</div>\n","components/account-links":"{{#if settings.account_creation_enabled}}\r\n  <span class=\"account-links\">\r\n    {{#if customer}}\r\n      <a href=\"{{urls.account.index}}\">{{lang 'header.logged_in_as' name=customer.shipping_address.first_name}}</a>\r\n      <span class=\"account-link-separator\">&ndash;</span>\r\n      <a href=\"{{urls.auth.logout}}\">{{lang 'header.log_out'}}</a>\r\n    {{else}}\r\n      <a href=\"{{urls.auth.create_account}}\">{{lang 'header.sign_up'}}</a>\r\n      <span class=\"account-link-separator\">&ndash;</span>\r\n      <a href=\"{{urls.auth.login}}\">{{lang 'header.log_in'}}</a>\r\n    {{/if}}\r\n  </span>\r\n{{/if}}\r\n","components/common/icons/search":"<svg width=\"17px\" height=\"18px\" viewBox=\"0 0 17 18\" version=\"1.1\" xmlns=\"http://www.w3.org/2000/svg\" xmlns:xlink=\"http://www.w3.org/1999/xlink\" xml:space=\"preserve\">\n  <path d=\"M14.3 17.6c0.5 0.6 1.4 0.6 1.9 0 0.6-0.7 0.6-1.7 0.1-2.2l-3.1-3.8c1-1.2 1.6-2.8 1.6-4.5C14.7 3.2 11.5 0 7.5 0S0.4 3.2 0.4 7.1s3.2 7.1 7.1 7.1c1.3 0 2.5-0.3 3.5-0.9M2.6 7.1c0-2.7 2.2-5 5-5 2.7 0 5 2.2 5 5s-2.2 5-5 5C4.8 12.1 2.6 9.8 2.6 7.1z\"/>\n</svg>\n","components/common/newsletter-subscribe":"<form class=\"form subscription-form\" action=\"{{urls.subscribe.action}}\" method=\"post\">\n  <div class=\"form-field form-inline subscription-form-email\">\n    <label class=\"form-label\" for=\"newsletter-subscribe\">{{lang 'newsletter.subscribe'}}</label>\n    <input class=\"form-input\" id=\"newsletter-subscribe\" type=\"email\" name=\"nl_email\" value=\"{{customer.email}}\" placeholder=\"{{lang 'newsletter.email_placeholder'}}\">\n\n    {{! TODO: Make sure the name/check fields are needed}}\n    <input type=\"hidden\" name=\"action\" value=\"subscribe\">\n    <input type=\"hidden\" name=\"nl_first_name\" value=\"bc\">\n    <input type=\"hidden\" name=\"check\" value=\"1\">\n\n    <input class=\"button subscription-form-submit\" type=\"submit\" value=\"{{lang 'newsletter.subscribe_submit'}}\">\n  </div>\n</form>\n","components/common/icons/payment/visa":"<svg xmlns=\"http://www.w3.org/2000/svg\" width=\"49\" height=\"32\" viewBox=\"0 0 49 32\"><path fill=\"#444\" d=\"M14.06 10.283h4.24l-6.303 15.472-4.236.003-3.258-12.33c2.318.953 4.38 3.023 5.22 5.276l.42 2.148zm3.356 15.488l2.503-15.5h4l-2.503 15.5h-4.002zm14.576-9.276c2.31 1.106 3.375 2.444 3.362 4.21C35.322 23.923 32.59 26 28.384 26c-1.796-.02-3.526-.394-4.46-.826l.56-3.47.516.247c1.316.58 2.167.815 3.77.815 1.15 0 2.384-.476 2.395-1.514.007-.678-.517-1.164-2.077-1.923-1.518-.74-3.53-1.983-3.505-4.21.024-3.013 2.81-5.117 6.765-5.117 1.55 0 2.795.34 3.586.65l-.542 3.36-.36-.177a7.042 7.042 0 0 0-2.994-.595c-1.568 0-2.293.69-2.293 1.333-.01.73.848 1.205 2.246 1.924zm14.207-6.21l3.238 15.49h-3.714s-.368-1.78-.488-2.32c-.583 0-4.667-.01-5.125-.01-.155.42-.84 2.332-.84 2.332h-4.205L41.01 11.57c.418-1.01 1.137-1.284 2.096-1.284H46.2zm-4.937 9.99h3.322l-.927-4.474-.27-1.337c-.202.58-.554 1.52-.53 1.48 0 0-1.263 3.44-1.595 4.33zm-31.54-1.572C8.075 14.13 4.44 11.712 0 10.592l.053-.32h6.453c.87.033 1.573.325 1.815 1.307z\"/></svg>\n","components/common/icons/payment/mastercard":"<svg xmlns=\"http://www.w3.org/2000/svg\" width=\"54\" height=\"32\" viewBox=\"0 0 54 32\"><path fill=\"#444\" d=\"M48.366 15.193c.6 0 .9.437.9 1.282 0 1.28-.546 2.21-1.337 2.21-.6 0-.9-.437-.9-1.31 0-1.282.572-2.183 1.336-2.183zm-10.09 3.082c0-.655.49-1.01 1.472-1.01.11 0 .19.028.382.028-.027.982-.545 1.636-1.227 1.636-.382 0-.628-.246-.628-.656zm-11.998-2.427v.327h-1.91c.165-.763.546-1.173 1.092-1.173.518 0 .818.3.818.845zM38.06.002c8.838 0 16.003 7.165 16.003 16.002s-7.165 16-16.003 16a15.845 15.845 0 0 1-10.08-3.595c2.102-2.032 3.707-4.568 4.568-7.44h-1.33c-.833 2.552-2.297 4.806-4.2 6.626a16.117 16.117 0 0 1-4.17-6.62h-1.33a17.345 17.345 0 0 0 4.52 7.432c-2.75 2.22-6.223 3.594-10.036 3.594C7.165 32.002 0 24.84 0 16.002s7.164-16 16.002-16c3.814 0 7.287 1.377 10.036 3.603a17.25 17.25 0 0 0-4.52 7.424h1.33a15.988 15.988 0 0 1 4.17-6.608 15.933 15.933 0 0 1 4.2 6.614h1.33c-.86-2.872-2.466-5.413-4.568-7.443A15.85 15.85 0 0 1 38.06 0zM7.217 20.212h1.69l1.337-8.043H7.572l-1.637 4.99-.082-4.99H3.4l-1.337 8.043h1.582l1.037-6.135.136 6.135H5.99l2.21-6.19zm7.253-.735l.054-.408.382-2.32c.11-.735.136-.98.136-1.308 0-1.254-.79-1.91-2.263-1.91-.628 0-1.2.083-2.046.328l-.246 1.473.163-.028.247-.08c.382-.11.928-.165 1.418-.165.79 0 1.09.164 1.09.6 0 .11 0 .19-.054.41-.272-.028-.517-.055-.708-.055-1.91 0-3 .927-3 2.536 0 1.065.628 1.774 1.555 1.774.79 0 1.364-.246 1.8-.79l-.027.68h1.418l.027-.163.027-.245zm3.518-3.163c-.736-.327-.82-.41-.82-.71 0-.354.3-.518.846-.518.328 0 .79.028 1.227.082l.247-1.5a9.86 9.86 0 0 0-1.5-.137c-1.91 0-2.59 1.01-2.563 2.21 0 .817.382 1.39 1.282 1.827.71.327.818.436.818.71 0 .408-.3.6-.982.6-.518 0-.982-.083-1.527-.246l-.246 1.5.08.028.3.054c.11.027.247.055.465.055.382.054.71.054.928.054 1.8 0 2.645-.68 2.645-2.18 0-.9-.354-1.418-1.2-1.828zm3.762 2.427c-.41 0-.573-.135-.573-.463 0-.082 0-.164.027-.273l.463-2.726h.873l.218-1.61h-.873l.19-.98h-1.69l-.737 4.47-.082.52-.11.653c-.026.192-.054.41-.054.574 0 .954.49 1.445 1.364 1.445a3.55 3.55 0 0 0 1.227-.22l.218-1.444c-.108.054-.272.054-.463.054zm3.982.11c-.982 0-1.5-.38-1.5-1.144 0-.055 0-.11.027-.19h3.38c.164-.683.22-1.146.22-1.637 0-1.447-.9-2.374-2.32-2.374-1.717 0-2.972 1.663-2.972 3.9 0 1.935.982 2.944 2.89 2.944.628 0 1.173-.082 1.773-.273l.274-1.636c-.6.3-1.145.41-1.773.41zm5.426-3.326h.11c.163-.79.38-1.363.654-1.88l-.055-.028h-.164c-.573 0-.9.273-1.418 1.064l.164-1.01h-1.555l-1.064 6.545h1.72c.626-4.008.79-4.69 1.608-4.69zm4.964 4.61l.3-1.828c-.545.273-1.036.41-1.445.41-1.01 0-1.61-.738-1.61-1.964 0-1.773.9-3.027 2.183-3.027.49 0 .928.136 1.528.436l.3-1.744c-.163-.054-.218-.082-.436-.163l-.682-.164a3.385 3.385 0 0 0-.79-.083c-2.264 0-3.846 2.018-3.846 4.88 0 2.155 1.146 3.49 3 3.49.463 0 .872-.08 1.5-.245zm5.4-1.065l.354-2.32c.136-.735.136-.98.136-1.308 0-1.254-.763-1.91-2.236-1.91-.627 0-1.2.083-2.045.328l-.245 1.473.164-.028.217-.08c.382-.11.955-.165 1.446-.165.79 0 1.09.164 1.09.6 0 .11-.026.19-.08.41-.247-.028-.492-.055-.683-.055-1.91 0-3 .927-3 2.536 0 1.065.627 1.774 1.555 1.774.79 0 1.363-.246 1.8-.79l-.028.68h1.418v-.163l.027-.245.054-.327zm2.126 1.144c.627-4.008.79-4.69 1.608-4.69h.11c.163-.79.38-1.363.654-1.88l-.055-.028H45.8c-.57 0-.9.273-1.417 1.064l.164-1.01h-1.554l-1.037 6.545h1.69zm5.18 0h1.61l1.308-8.044h-1.69l-.383 2.29c-.464-.6-.955-.9-1.637-.9-1.5 0-2.782 1.855-2.782 4.036 0 1.636.818 2.7 2.073 2.7.627 0 1.118-.218 1.582-.71zM11.307 18.28c0-.656.492-1.01 1.447-1.01.136 0 .218.027.382.027-.027.982-.518 1.636-1.228 1.636-.382 0-.6-.245-.6-.655z\"/></svg>\n","components/common/icons/payment/american-express":"<svg xmlns=\"http://www.w3.org/2000/svg\" width=\"70\" height=\"32\" viewBox=\"0 0 70 32\"><path fill=\"#444\" d=\"M69.102 17.22l.4 9.093c-.69.313-3.286 1.688-4.26 1.688h-4.79v-.655c-.545.438-1.548.656-2.466.656H42.933v-2.465c0-.344-.057-.344-.345-.344h-.257V28h-4.96v-2.923c-.832.402-1.75.402-2.58.402h-.545V28h-6.05l-1.434-1.656-1.576 1.656h-9.72v-10.78h9.892l1.405 1.662 1.55-1.663h6.65c.776 0 2.038.116 2.582.66v-.66h5.936c.602 0 1.75.116 2.523.66v-.66h8.947v.66c.516-.43 1.433-.66 2.265-.66H62.2v.66c.546-.37 1.32-.66 2.323-.66H69.1zm-34.197 6.65c1.577 0 3.183-.43 3.183-2.58 0-2.093-1.635-2.523-3.07-2.523h-5.877l-2.38 2.523-2.235-2.523h-7.427v7.67h7.312l2.35-2.51 2.267 2.51h3.556V23.87h2.322zM46 23.557a1.907 1.907 0 0 0-.945-.66c.516-.172 1.318-.832 1.318-2.036 0-.89-.315-1.377-.917-1.72-.602-.316-1.32-.373-2.266-.373h-4.215v7.67h1.864V23.64h1.977c.66 0 1.032.06 1.32.345.315.373.315 1.032.315 1.548v.903h1.836V24.96c0-.69-.058-1.033-.288-1.406zm7.57-3.183v-1.605h-6.135v7.67h6.136v-1.563h-4.33v-1.55h4.245V21.78H49.24v-1.405h4.33zm4.675 6.065c1.864 0 2.926-.76 2.926-2.393 0-.774-.23-1.262-.544-1.664-.46-.37-1.12-.6-2.15-.6H57.47c-.257 0-.486-.058-.716-.116-.2-.086-.373-.258-.373-.545 0-.26.06-.43.288-.603.143-.115.373-.115.717-.115h3.383v-1.634h-3.67c-1.98 0-2.64 1.204-2.64 2.294 0 2.438 2.152 2.322 3.843 2.38.345 0 .545.058.66.173.116.086.23.315.23.544 0 .2-.114.372-.23.487-.172.115-.372.172-.716.172H54.69v1.62h3.554zm7.197 0c1.864 0 2.924-.76 2.924-2.393 0-.774-.23-1.262-.544-1.664-.46-.37-1.12-.6-2.15-.6h-1.004c-.258 0-.488-.058-.718-.116-.2-.086-.373-.258-.373-.545 0-.26.115-.43.287-.603.144-.115.373-.115.717-.115h3.384v-1.634h-3.67c-1.922 0-2.64 1.204-2.64 2.294 0 2.438 2.152 2.322 3.843 2.38.344 0 .544.058.66.174.115.086.23.315.23.544 0 .2-.115.373-.23.488s-.373.172-.717.172h-3.556v1.62h3.556zm-21.476-5.92c.23.115.373.344.373.66a.924.924 0 0 1-.374.773c-.287.116-.545.116-.89.116l-2.236.058v-1.75h2.237c.344 0 .66 0 .89.144zM36.108 8.646c-.287.172-.544.172-.918.172h-2.265V7.126h2.265c.316 0 .688 0 .918.114.23.144.344.374.344.718 0 .315-.114.602-.344.69zm14.68-1.807l1.263 3.038H49.53zM30.776 25.79l-2.838-3.183 2.838-3.012v6.193zm4.244-5.42c.66 0 1.09.26 1.09.92s-.43 1.03-1.09 1.03H32.58v-1.95h2.437zM5.772 9.88l1.29-3.04 1.263 3.04H5.774zm13.132 10.494h4.616l2.037 2.237-2.093 2.264h-4.56v-1.55h4.072v-1.547h-4.07v-1.405zm.172-6.996l-.545 1.377h-3.24l-.546-1.32v1.32H8.524l-.66-1.75H6.287l-.717 1.75H-.002l2.39-5.65L4.623 4h4.79l.658 1.262V4h5.59l1.263 2.724L18.158 4h17.835c.832 0 1.548.143 2.093.602V4h4.903v.602C43.79 4.142 44.852 4 46.056 4h7.082l.66 1.262V4h5.217l.775 1.262V4h5.103v10.753h-5.16l-1.004-1.635v1.635H52.31l-.717-1.75h-1.576l-.717 1.75h-3.355c-1.318 0-2.294-.316-2.954-.66v.66h-7.97v-2.466c0-.344-.058-.402-.287-.402h-.257v2.867H19.075v-1.377zM43.363 6.41c-.832.83-.975 1.863-1.004 3.01 0 1.377.343 2.266.946 2.925.66.66 1.806.86 2.695.86h2.152l.716-1.692h3.843l.718 1.692h3.727V7.442l3.47 5.763h2.638V5.52H61.37v5.334L58.13 5.52h-2.838v7.255L52.196 5.52h-2.724l-2.638 6.05h-.832c-.487 0-1.003-.114-1.262-.372-.344-.402-.488-1.004-.488-1.836 0-.803.144-1.405.488-1.748.373-.316.774-.43 1.434-.43h1.75V5.52h-1.75c-1.262 0-2.265.286-2.81.89zm-3.784-.89v7.684h1.862V5.52H39.58zm-8.46 0v7.685h1.806v-2.78h1.98c.66 0 1.09.056 1.375.314.317.4.26 1.06.26 1.49v.975h1.89v-1.52c0-.66-.056-1.003-.343-1.376-.172-.23-.487-.49-.89-.66.517-.23 1.32-.832 1.32-2.036 0-.89-.373-1.377-.976-1.75-.6-.344-1.26-.344-2.207-.344h-4.215zm-7.484 0v7.686H29.8V11.63h-4.3v-1.55h4.244V8.503H25.5V7.126h4.3V5.52h-6.164zm-7.512 7.685H17.7l2.696-6.02v6.02h1.864V5.52h-3.01l-2.266 5.22-2.41-5.22h-2.952v7.255L8.468 5.52H5.744l-3.297 7.685h1.978l.688-1.692h3.87l.69 1.692h3.755v-6.02z\"/></svg>\n","components/common/icons/payment/discover":"<svg xmlns=\"http://www.w3.org/2000/svg\" width=\"95\" height=\"32\" viewBox=\"0 0 95 32\"><path fill=\"#444\" d=\"M50.43 8.06c4.547 0 8.093 3.49 8.093 7.935 0 4.47-3.57 7.96-8.093 7.96-4.638 0-8.115-3.443-8.115-8.05 0-4.334 3.635-7.845 8.115-7.845zm-46.068.285c4.81 0 8.168 3.133 8.168 7.64a7.687 7.687 0 0 1-2.76 5.864c-1.462 1.213-3.127 1.76-5.43 1.76H0V8.345h4.363zm3.47 11.465c1.027-.912 1.64-2.38 1.64-3.847 0-1.464-.613-2.882-1.64-3.798-.984-.892-2.146-1.235-4.065-1.235H2.97v10.096h.797c1.92 0 3.127-.367 4.065-1.216zm6.068 3.8V8.347h2.965V23.61H13.9zm10.223-9.41c3.378 1.24 4.38 2.34 4.38 4.765 0 2.952-2.167 5.015-5.248 5.015-2.26 0-3.904-.896-5.27-2.907l1.913-1.856c.685 1.328 1.825 2.036 3.24 2.036 1.325 0 2.308-.915 2.308-2.152 0-.64-.298-1.188-.89-1.577-.298-.187-.89-.46-2.055-.87-2.783-1.01-3.74-2.085-3.74-4.192 0-2.492 2.054-4.37 4.744-4.37 1.667 0 3.196.57 4.473 1.696l-1.55 2.033c-.777-.868-1.507-1.234-2.397-1.234-1.28 0-2.213.732-2.213 1.694 0 .82.525 1.258 2.307 1.92zm5.315 1.786c0-4.436 3.605-7.985 8.1-7.985 1.28 0 2.353.274 3.654.936v3.504c-1.233-1.213-2.308-1.717-3.72-1.717-2.787 0-4.976 2.313-4.976 5.24 0 3.093 2.123 5.268 5.112 5.268 1.347 0 2.397-.48 3.585-1.67v3.504c-1.347.638-2.443.892-3.72.892-4.52 0-8.034-3.478-8.034-7.97zm35.8 2.615l4.11-10.253h3.217l-6.573 15.655h-1.596l-6.46-15.655h3.24zm8.676 5.012V8.347h8.418v2.585H76.88v3.388h5.243v2.585H76.88v4.123h5.452v2.584h-8.418zm20.167-10.76c0 2.336-1.23 3.87-3.468 4.33l4.794 6.43h-3.65l-4.106-6.136h-.388v6.135h-2.97V8.347h4.405c3.425 0 5.384 1.645 5.384 4.506zm-5.955 2.52c1.9 0 2.903-.827 2.903-2.36 0-1.485-1.004-2.265-2.856-2.265h-.91v4.626h.862z\"/></svg>\n","components/common/icons/payment/paypal":"<svg xmlns=\"http://www.w3.org/2000/svg\" width=\"57\" height=\"32\" viewBox=\"0 0 57 32\"><path fill=\"#444\" d=\"M47.11 10.477c2.21-.037 4.633.618 4.072 3.276l-1.37 6.263h-3.158l.21-.947c-1.72 1.71-6.037 1.82-5.334-2.112.49-2.294 2.878-3.023 6.423-3.023.246-1.02-.457-1.274-1.65-1.238s-2.633.437-3.09.655l.282-2.293c.913-.183 2.106-.584 3.615-.584zm.21 6.408c.07-.29.106-.547.176-.838h-.773c-.596 0-1.58.146-1.93.765-.457.728.176 1.348.877 1.31.807-.036 1.474-.4 1.65-1.237zM53.883 8h3.242L54.48 20.016h-3.21zm-14.74.037c1.688 0 3.728 1.274 3.13 4.077-.528 2.476-2.498 3.933-4.89 3.933h-2.428l-.88 3.97h-3.41l2.602-11.98h5.874zm-.106 4.077c.21-.91-.317-1.638-1.197-1.638h-1.69l-.703 3.277h1.583c.88 0 1.795-.728 2.006-1.638zm-22.69-1.638c2.183-.037 4.61.618 4.055 3.276l-1.352 6.262h-3.155l.208-.947c-1.664 1.712-5.93 1.82-5.235-2.11.486-2.295 2.844-3.024 6.345-3.024.208-1.02-.485-1.274-1.664-1.238s-2.602.437-3.018.655l.277-2.293c.866-.182 2.045-.583 3.536-.583zm.242 6.41c.034-.292.103-.548.172-.84h-.797c-.555 0-1.525.147-1.872.766-.45.728.138 1.348.832 1.31.797-.036 1.49-.4 1.664-1.237zm11.938-6.238h3.255l-7.496 13.35H20.76l2.305-3.924-1.29-9.426h3.157l.508 5.58zM8.498 8.036c1.73 0 3.74 1.274 3.14 4.077-.53 2.476-2.504 3.933-4.867 3.933H4.304l-.847 3.97H0l2.61-11.98H8.5zm-.105 4.078c.247-.91-.317-1.638-1.164-1.638H5.535l-.74 3.277h1.622c.882 0 1.763-.728 1.975-1.638z\"/></svg>\n","components/common/icons/payment/apple-pay":"<svg class=\"footer-payment-icon\" width=\"68\" height=\"32\" viewBox=\"0 0 68 32\">\n  <path fill=\"#444\" d=\"M17.946 13.146c.032 3.738 3.392 4.992 3.424 5.005-.032.084-.544 1.774-1.773 3.52-1.062 1.505-2.176 3.01-3.904 3.035-1.715.032-2.266-.98-4.224-.98-1.953 0-2.56.948-4.18 1.012-1.683.064-2.963-1.632-4.032-3.136-2.19-3.065-3.866-8.67-1.613-12.447C2.765 7.278 4.762 6.08 6.93 6.055c1.646-.032 3.2 1.075 4.212 1.075 1.024 0 2.906-1.33 4.896-1.133.832.032 3.168.32 4.672 2.45-.128.065-2.79 1.582-2.752 4.71zM14.72 3.95c.896-1.044 1.504-2.497 1.344-3.95-1.293.05-2.848.832-3.776 1.875-.82.928-1.536 2.406-1.344 3.827 1.427.115 2.893-.704 3.776-1.747zM27.635 2.163c.666-.115 1.395-.21 2.19-.3a25.52 25.52 0 0 1 2.623-.13c1.376 0 2.56.16 3.546.48.992.32 1.805.788 2.445 1.39.543.53.972 1.165 1.28 1.9.306.73.46 1.575.46 2.53 0 1.15-.21 2.175-.64 3.04-.416.87-.992 1.6-1.728 2.188-.717.59-1.587 1.025-2.586 1.32-1.005.287-2.1.428-3.283.428-1.062 0-1.965-.077-2.688-.23v9.6h-1.613l-.006-22.214zm1.6 11.213c.397.11.832.192 1.306.23.48.045.993.064 1.537.064 2.048 0 3.648-.46 4.768-1.395 1.126-.934 1.69-2.304 1.69-4.11 0-.863-.14-1.625-.435-2.265s-.717-1.178-1.26-1.587a5.868 5.868 0 0 0-1.953-.934 9.19 9.19 0 0 0-2.496-.32c-.722 0-1.343.03-1.874.082-.525.064-.947.128-1.267.192l-.014 10.042zm23.72 7.206c0 .64.012 1.293.03 1.94.02.64.084 1.26.193 1.855H51.68l-.237-2.266h-.077c-.205.32-.467.628-.787.935-.32.32-.686.595-1.108.85s-.896.468-1.434.622a6.384 6.384 0 0 1-1.76.23c-.8 0-1.504-.128-2.112-.384-.595-.256-1.088-.59-1.472-.998a3.89 3.89 0 0 1-.877-1.42 4.706 4.706 0 0 1-.294-1.6c0-1.895.82-3.348 2.445-4.372 1.632-1.024 4.083-1.517 7.36-1.472v-.42c0-.43-.032-.91-.115-1.46a4.382 4.382 0 0 0-.53-1.55c-.257-.485-.673-.895-1.217-1.234-.55-.333-1.293-.5-2.227-.5a7.16 7.16 0 0 0-2.1.308 6.93 6.93 0 0 0-1.9.896l-.513-1.178a7.953 7.953 0 0 1 2.26-1.05c.767-.21 1.58-.32 2.43-.32 1.134 0 2.062.192 2.78.576.716.37 1.28.858 1.69 1.46s.69 1.28.83 2.02c.155.743.23 1.486.23 2.222l.007 6.31zm-1.6-4.768c-.878-.02-1.78.013-2.727.102-.94.09-1.818.288-2.61.59-.8.293-1.46.735-1.985 1.317-.525.576-.787 1.344-.787 2.304 0 1.133.333 1.965.992 2.496.66.538 1.408.806 2.22.806.654 0 1.25-.09 1.774-.27s.98-.416 1.363-.717c.384-.3.717-.64.98-1.024.255-.372.46-.77.594-1.166.114-.448.172-.768.172-.96l.013-3.482zm4.74-7.443l4.16 10.414c.238.576.45 1.17.654 1.792.204.602.383 1.165.55 1.677h.063l.557-1.645c.192-.62.43-1.248.678-1.894l3.89-10.342h1.71l-4.736 11.744c-.486 1.248-.934 2.38-1.357 3.392s-.845 1.92-1.28 2.733c-.435.814-.87 1.537-1.312 2.158a9.122 9.122 0 0 1-1.49 1.632c-.64.557-1.217.96-1.76 1.216-.532.256-.897.422-1.076.486l-.544-1.3c.41-.178.864-.41 1.363-.703.512-.29.992-.667 1.472-1.134.41-.397.858-.928 1.344-1.587.493-.654.934-1.447 1.318-2.388.147-.352.21-.59.21-.704 0-.147-.063-.384-.204-.704L54.4 8.372h1.695z\"/>\n</svg>\n","core/alerts/alert-success":"<div class=\"alert alert-success\">\n  {{#if dismissable}}<a class=\"alert-dismiss\">&times;</a>{{/if}}\n\n  <div class=\"alert-message\">\n    {{#if message}}\n      {{{message}}}\n    {{else}}\n      {{{this}}}\n    {{/if}}\n  </div>\n</div>\n","components/search-form":"<div class=\"search-form-wrapper {{#if settings.account_creation_enabled}}account-links-enabled{{/if}}\">\n  {{{snippet \"forms_search\"}}}\n  <form class=\"search-form\" action=\"{{urls.search}}\">\n    <input class=\"search-input\" name=\"search_query\" placeholder=\"{{lang 'header.search'}}\">\n    <span class=\"search-close\">&times;</span>\n  </form>\n</div>\n","components/navigation-item":"<a href=\"{{url}}\">{{name}}</a>\n{{#if children}}\n  <ul class=\"nav-submenu\">\n    <div class=\"nav-submenu-arrow\">\n      <div class=\"nav-submenu-arrow-inner\"></div>\n    </div>\n    {{#each children}}\n      <li class=\"nav-submenu-item {{#if children}}has-dropdown{{/if}}\">\n        {{> components/navigation-item has_children=children}}\n      </li>\n    {{/each}}\n  </ul>\n{{/if}}\n","components/common/icons/down-arrow":"<svg width=\"7px\" height=\"4px\" viewBox=\"0 0 7 4\" version=\"1.1\" xmlns=\"http://www.w3.org/2000/svg\" xmlns:xlink=\"http://www.w3.org/1999/xlink\" xml:space=\"preserve\">\n  <polygon points=\"0 0 3.5 4 7 0 \" fill=\"#000000\"/>\n</svg>\n"}