{"core/structured-data/breadcrumbs":"{{!-- Breadcrumbs: include in base.html --}}\n\n<script id=\"schema-breadcrumbs\">\n  var schema = document.createElement('script');\n  schema.type = 'application/ld+json';\n  schema.text = JSON.stringify({\n    \"@context\": \"http://schema.org\",\n    \"@type\": \"BreadcrumbList\",\n    \"itemListElement\": [\n      {{#each breadcrumbs}}\n        {\n          \"@type\": \"ListItem\",\n          \"position\": {{@index}} + 1,\n          \"item\": {\n            \"@id\": {{#unless @last}}\"{{url}}\"{{else}}window.location.href{{/unless}},\n            \"name\": \"{{name}}\"\n          }\n        }{{#unless @last}},{{/unless}}\n      {{/each}}\n    ]\n  });\n\n  document.querySelector('body').appendChild(schema);\n\n  var script = document.getElementById('schema-breadcrumbs');\n  script.parentElement.removeChild(script);\n</script>\n"}