[{"name":"Typography","settings":[{"type":"font","label":"Primary Font Family","id":"primary-font","options":[{"label":"Playfair Display","value":"Google_Playfair+Display_400,700"},{"label":"Karla","value":"Google_Karla_400,700"},{"label":"Merriweather","value":"Google_Merriweather_400,700"},{"label":"Source Sans Pro","value":"Google_Source+Sans+Pro_400,700"}]},{"type":"font","label":"Secondary Font Family","id":"secondary-font","options":[{"label":"Playfair Display","value":"Google_Playfair+Display_400,700"},{"label":"Karla","value":"Google_Karla_400,700"},{"label":"Merriweather","value":"Google_Merriweather_400,700"},{"label":"Source Sans Pro","value":"Google_Source+Sans+Pro_400,700"}]}]},{"name":"Colors","settings":[{"type":"heading","content":"Global"},{"type":"color","label":"Heading Color","id":"heading-color"},{"type":"color","label":"Site Background Color","id":"site-background-color"},{"type":"color","label":"Footer Background Color","id":"footer-background-color"},{"type":"color","label":"Footer Text Color","id":"footer-text-color"},{"type":"color","label":"Sign-up Background Color","id":"sign-up-background-color"},{"type":"color","label":"Sign-up Text Color","id":"sign-up-text-color"},{"type":"color","label":"Sign-up Button Color","id":"sign-up-button-color"},{"type":"color","label":"Body Text Color","id":"body-color"},{"type":"color","label":"Accent Color","id":"accent-color"},{"type":"color","label":"Border Color","id":"border-color"},{"type":"color","label":"Input Color","id":"input-color"},{"type":"color","label":"Input Border Color","id":"input-border-color"},{"type":"color","label":"Secondary Button Color","id":"secondary-button-color"},{"type":"color","label":"Error Color","id":"error-color"},{"type":"color","label":"Banner Background Color","id":"banner-background-color"},{"type":"color","label":"Banner Text Color","id":"banner-text-color"},{"type":"color","label":"Carousel Text/Arrow Color","id":"carousel-text-color"},{"type":"color","label":"Star Color","id":"star-color"},{"type":"color","label":"Empty Star Color","id":"star-empty-color"},{"type":"heading","content":"Navigation"},{"type":"color","label":"Navigation Color","id":"navigation-color"},{"type":"color","label":"Mobile Navigation Text Color","id":"mobile-navigation-text"},{"type":"color","label":"Mobile Navigation Background Color","id":"mobile-navigation-background"},{"type":"color","label":"Promo Color","id":"promo-color"},{"type":"color","label":"Promo Text","id":"promo-text-color"}]},{"name":"Global Theme Settings","settings":[{"type":"heading","content":"Apple Pay"},{"type":"select","label":"Button Color","id":"apple_pay_style","options":[{"value":"black","label":"Black (white text)"},{"value":"white","label":"White (black text)"},{"value":"white-border","label":"White (black text with border)"}]},{"type":"checkbox","label":"Show Quickshop","id":"product-quick-shop"},{"type":"select","label":"Capitalize Navigation Text","id":"navigation-text-transform","options":[{"value":"none","label":"Normal Case"},{"value":"uppercase","label":"Capitalize"}]},{"type":"checkbox","label":"Show Sitemap link in footer","id":"sitemap","force_reload":true},{"type":"checkbox","label":"Show Theme Credits in footer","id":"theme-credits","force_reload":true},{"type":"checkbox","label":"Show Copyright in footer","id":"show_footer_copyright","force_reload":true},{"type":"checkbox","label":"Show Brands in footer","id":"show_footer_brands","force_reload":true},{"type":"checkbox","label":"Add 'As low as' pricing text to products whose price varies based on option selected","force_reload":true,"id":"price_as_low_as"},{"type":"paragraph","content":"*only recommended if default options are set to lowest price available for each product"}]},{"name":"Header Options","settings":[{"type":"checkbox","label":"Show \"Home\" Link","id":"show-home-link","force_reload":true},{"type":"checkbox","label":"Show Pages","id":"show-pages","force_reload":true},{"type":"checkbox","label":"Show Categories","id":"show-categories","force_reload":true},{"type":"select","label":"Categories Display","id":"menu-type","force_reload":true,"options":[{"value":"main-nav","label":"as links in the main navigation"},{"value":"basic-nav","label":"in a dropdown"},{"value":"expanded-nav","label":"in a meganav"}]},{"type":"select","label":"Header Layout","id":"header-layout","force_reload":true,"options":[{"value":"split-menu","label":"logo inline with navigation"},{"value":"no-split-menu","label":"logo above navigation"}]},{"type":"select","label":"Logo Position","id":"logo-position","force_reload":true,"options":[{"value":"logo-center","label":"Center"},{"value":"logo-left","label":"Left"},{"value":"logo-right","label":"Right"}]},{"type":"select","label":"Header Layout","id":"header-layout","force_reload":true,"options":[{"value":"split-menu","label":"logo in the middle of the nav (split menu)"},{"value":"no-split-menu","label":"logo above nav (no split menu)"}]}]},{"name":"Product Page Settings","settings":[{"type":"checkbox","label":"Show Product Dimensions","id":"product-show-dimensions","force_reload":true},{"type":"select","label":"Number of Product Reviews","id":"product_review_count","force_reload":true,"options":[{"value":2,"label":"2"},{"value":4,"label":"4"},{"value":6,"label":"6"},{"value":8,"label":"8"},{"value":10,"label":"10"},{"value":12,"label":"12"},{"value":999,"label":"Show all"}]}]},{"name":"Product Collection Settings","settings":[{"type":"select","label":"Number of Products per page","id":"product-count","force_reload":true,"options":[{"value":4,"label":"4"},{"value":8,"label":"8"},{"value":12,"label":"12"},{"value":24,"label":"24"},{"value":36,"label":"36"},{"value":48,"label":"48"}]},{"type":"select","label":"Number of Products per row","id":"products-per-row","force_reload":true,"options":[{"value":1,"label":"1"},{"value":2,"label":"2"},{"value":3,"label":"3"},{"value":4,"label":"4"},{"value":5,"label":"5"},{"value":6,"label":"6"}]},{"type":"checkbox","label":"Show category description on category page","id":"show-category-description","force_reload":true},{"type":"checkbox","label":"Show category image on category page","id":"show-category-image","force_reload":true}]},{"name":"Brands Page Settings","settings":[{"type":"checkbox","label":"Show brand images","id":"brands-images"},{"type":"select","label":"Number of brands per page","id":"brands_per_page","options":[{"value":4,"label":"4"},{"value":8,"label":"8"},{"value":12,"label":"12"},{"value":24,"label":"24"},{"value":36,"label":"36"},{"value":48,"label":"48"}],"force_reload":true}]},{"name":"Payment Icons","settings":[{"type":"checkbox","label":"Visa","id":"payment-visa","force_reload":true},{"type":"checkbox","label":"Mastercard","id":"payment-mastercard","force_reload":true},{"type":"checkbox","label":"American Express","id":"payment-american-express","force_reload":true},{"type":"checkbox","label":"Discover","id":"payment-discover","force_reload":true},{"type":"checkbox","label":"Paypal","id":"payment-paypal","force_reload":true},{"type":"checkbox","label":"Apple Pay","id":"payment-apple-pay","force_reload":true}]},{"name":"Optimized Checkout","enable":"ucoEnabled","settings":[{"type":"heading","content":"Header"},{"type":"color","label":"Background color","id":"optimizedCheckout-header-backgroundColor"},{"type":"checkbox","label":"Use custom background","id":"optimizedCheckout-show-backgroundImage"},{"type":"optimizedCheckout-image","label":"1000 x 400px recommended","reference":"optimizedCheckout-show-backgroundImage","reference_default":false,"force_reload":true,"id":"optimizedCheckout-backgroundImage"},{"type":"imageDimension","description":"Please specify a maximum image size for desktop display. We'll automatically scale down the image for smaller devices.","label":"","reference":"optimizedCheckout-show-backgroundImage","reference_default":false,"id":"optimizedCheckout-backgroundImage-size","options":[{"value":"1000x400","label":"Optimized for theme"},{"value":"custom","label":"Specify dimensions"}]},{"type":"heading","content":"Logo"},{"type":"select","label":"Use custom logo","id":"optimizedCheckout-show-logo","options":[{"value":"none","label":"None"},{"value":"custom","label":"Custom"}]},{"type":"optimizedCheckout-image","label":"250 x 100px recommended","reference":"optimizedCheckout-show-logo","reference_default":"none","force_reload":true,"id":"optimizedCheckout-logo"},{"type":"imageDimension","description":"Please specify a maximum image size for desktop display. We'll automatically scale down the image for smaller devices.","label":"","reference":"optimizedCheckout-show-logo","reference_default":"none","force_reload":true,"id":"optimizedCheckout-logo-size","options":[{"value":"250x100","label":"Optimized for theme"},{"value":"custom","label":"Specify dimensions"}]},{"type":"select","label":"Position","id":"optimizedCheckout-logo-position","options":[{"value":"left","label":"Left"},{"value":"center","label":"Center"},{"value":"right","label":"Right"}]},{"type":"heading","content":"Discount Banner"},{"type":"color","label":"Background color","id":"optimizedCheckout-discountBanner-backgroundColor"},{"type":"color","label":"Text color","id":"optimizedCheckout-discountBanner-textColor"},{"type":"color","label":"Icon color","id":"optimizedCheckout-discountBanner-iconColor"},{"type":"heading","content":"Order summary"},{"type":"color","label":"Background color","id":"optimizedCheckout-orderSummary-backgroundColor"},{"type":"heading","content":"Checkout steps"},{"type":"color","label":"Background color","id":"optimizedCheckout-step-backgroundColor"},{"type":"color","label":"Text color","id":"optimizedCheckout-step-textColor"},{"type":"heading","content":"Primary headings"},{"type":"color","label":"Text color","id":"optimizedCheckout-headingPrimary-color"},{"type":"font","label":"Font family","id":"optimizedCheckout-headingPrimary-font","options":[{"group":"Open Sans","label":"Open Sans","value":"Google_Open+Sans_400"},{"group":"Open Sans","label":"Open Sans Bold","value":"Google_Open+Sans_700"},{"group":"Montserrat","label":"Montserrat","value":"Google_Montserrat_400"},{"group":"Karla","label":"Karla","value":"Google_Karla_400"},{"group":"Roboto","label":"Roboto","value":"Google_Roboto_400"},{"group":"Source Sans Pro","label":"Source Sans Pro","value":"Google_Source+Sans+Pro_400"},{"group":"Volkhov","label":"Volkhov","value":"Google_Volkhov_400"}]},{"type":"heading","content":"Secondary headings"},{"type":"color","label":"Text color","id":"optimizedCheckout-headingSecondary-color"},{"type":"font","label":"Font family","id":"optimizedCheckout-headingSecondary-font","options":[{"group":"Open Sans","label":"Open Sans","value":"Google_Open+Sans_400"},{"group":"Open Sans","label":"Open Sans Bold","value":"Google_Open+Sans_700"},{"group":"Montserrat","label":"Montserrat","value":"Google_Montserrat_400"},{"group":"Karla","label":"Karla","value":"Google_Karla_400"},{"group":"Roboto","label":"Roboto","value":"Google_Roboto_400"},{"group":"Source Sans Pro","label":"Source Sans Pro","value":"Google_Source+Sans+Pro_400"},{"group":"Volkhov","label":"Volkhov","value":"Google_Volkhov_400"}]},{"type":"heading","content":"Body"},{"type":"color","label":"Background color","id":"optimizedCheckout-body-backgroundColor"},{"type":"heading","content":"Primary content"},{"type":"color","label":"Text color","id":"optimizedCheckout-contentPrimary-color"},{"type":"font","label":"Font family","id":"optimizedCheckout-contentPrimary-font","options":[{"group":"Open Sans","label":"Open Sans","value":"Google_Open+Sans_400"},{"group":"Open Sans","label":"Open Sans Bold","value":"Google_Open+Sans_700"},{"group":"Montserrat","label":"Montserrat","value":"Google_Montserrat_400"},{"group":"Karla","label":"Karla","value":"Google_Karla_400"},{"group":"Roboto","label":"Roboto","value":"Google_Roboto_400"},{"group":"Source Sans Pro","label":"Source Sans Pro","value":"Google_Source+Sans+Pro_400"},{"group":"Volkhov","label":"Volkhov","value":"Google_Volkhov_400"}]},{"type":"heading","content":"Secondary content"},{"type":"color","label":"Text color","id":"optimizedCheckout-contentSecondary-color"},{"type":"font","label":"Font family","id":"optimizedCheckout-contentSecondary-font","options":[{"group":"Open Sans","label":"Open Sans","value":"Google_Open+Sans_400"},{"group":"Open Sans","label":"Open Sans Bold","value":"Google_Open+Sans_700"},{"group":"Montserrat","label":"Montserrat","value":"Google_Montserrat_400"},{"group":"Karla","label":"Karla","value":"Google_Karla_400"},{"group":"Roboto","label":"Roboto","value":"Google_Roboto_400"},{"group":"Source Sans Pro","label":"Source Sans Pro","value":"Google_Source+Sans+Pro_400"},{"group":"Volkhov","label":"Volkhov","value":"Google_Volkhov_400"}]},{"type":"heading","content":"Links"},{"type":"color","label":"Text Color","id":"optimizedCheckout-link-color"},{"type":"font","label":"Font family","id":"optimizedCheckout-link-font","options":[{"group":"Open Sans","label":"Open Sans","value":"Google_Open+Sans_400"},{"group":"Open Sans","label":"Open Sans Bold","value":"Google_Open+Sans_700"},{"group":"Montserrat","label":"Montserrat","value":"Google_Montserrat_400"},{"group":"Karla","label":"Karla","value":"Google_Karla_400"},{"group":"Roboto","label":"Roboto","value":"Google_Roboto_400"},{"group":"Source Sans Pro","label":"Source Sans Pro","value":"Google_Source+Sans+Pro_400"},{"group":"Volkhov","label":"Volkhov","value":"Google_Volkhov_400"}]},{"type":"heading","content":"Primary button"},{"type":"color","label":"Text color","id":"optimizedCheckout-buttonPrimary-color"},{"type":"color","label":"Text hover color","id":"optimizedCheckout-buttonPrimary-colorHover"},{"type":"color","label":"Background color","id":"optimizedCheckout-buttonPrimary-backgroundColor"},{"type":"color","label":"Background hover color","id":"optimizedCheckout-buttonPrimary-backgroundColorHover"},{"type":"color","label":"Border color","id":"optimizedCheckout-buttonPrimary-borderColor"},{"type":"color","label":"Border hover color","id":"optimizedCheckout-buttonPrimary-borderColorHover"},{"type":"font","label":"Font family","id":"optimizedCheckout-buttonPrimary-font","options":[{"group":"Open Sans","label":"Open Sans","value":"Google_Open+Sans_400"},{"group":"Open Sans","label":"Open Sans Bold","value":"Google_Open+Sans_700"},{"group":"Montserrat","label":"Montserrat","value":"Google_Montserrat_400"},{"group":"Karla","label":"Karla","value":"Google_Karla_400"},{"group":"Roboto","label":"Roboto","value":"Google_Roboto_400"},{"group":"Source Sans Pro","label":"Source Sans Pro","value":"Google_Source+Sans+Pro_400"},{"group":"Volkhov","label":"Volkhov","value":"Google_Volkhov_400"}]},{"type":"heading","content":"Secondary button"},{"type":"color","label":"Text color","id":"optimizedCheckout-buttonSecondary-color"},{"type":"color","label":"Background color","id":"optimizedCheckout-buttonSecondary-backgroundColor"},{"type":"color","label":"Border color","id":"optimizedCheckout-buttonSecondary-borderColor"},{"type":"font","label":"Font family","id":"optimizedCheckout-buttonSecondary-font","options":[{"group":"Open Sans","label":"Open Sans","value":"Google_Open+Sans_400"},{"group":"Open Sans","label":"Open Sans Bold","value":"Google_Open+Sans_700"},{"group":"Montserrat","label":"Montserrat","value":"Google_Montserrat_400"},{"group":"Karla","label":"Karla","value":"Google_Karla_400"},{"group":"Roboto","label":"Roboto","value":"Google_Roboto_400"},{"group":"Source Sans Pro","label":"Source Sans Pro","value":"Google_Source+Sans+Pro_400"},{"group":"Volkhov","label":"Volkhov","value":"Google_Volkhov_400"}]},{"type":"heading","content":"Form inputs"},{"type":"color","label":"Border Color","id":"optimizedCheckout-formField-borderColor"},{"type":"select","label":"Background Color","id":"optimizedCheckout-formField-backgroundColor","options":[{"value":"white","label":"White"},{"value":"transparent","label":"Transparent"}]}]}]