{"components/products/reviews":"\n<div class=\"reviews\">\n  {{#if product.reviews.total \">\" 0}}\n    {{#each reviews.list}}\n      {{> components/products/review this review_count=../../theme_settings.product_review_count}}\n    {{/each}}\n    {{{snippet 'reviews'}}}\n  {{else}}\n    {{lang 'product.reviews.no_reviews'}}\n  {{/if}}\n  {{#if product.reviews.total \">\" theme_settings.product_review_count}}\n   <button class=\"button\" data-toggle-extra-reviews data-toggle-text=\"{{lang 'product.reviews.view_less'}}\">{{lang 'product.reviews.view_all' count=product.reviews.list.length}}</button>\n {{/if}}\n</div>\n\n<span class=\"button reviews-leave-review\">{{lang 'product.reviews.leave_review'}}</span>\n\n<div class=\"reviews-form-wrapper\">\n  <h2 class=\"section-title\">{{lang 'product.reviews.write_review'}}</h2>\n  <form class=\"form reviews-form\" action=\"{{urls.product.post_review}}\" method=\"post\">\n\n    {{!-- Stars --}}\n    <div class=\"form-field\">\n      <label class=\"form-label\" for=\"rating-rate\">\n        <span class=\"form-field-title form-hidden\">\n          {{lang 'product.reviews.form.select_a_rating'}}\n        </span>\n        <span class=\"form-select-wrapper\">\n          <select id=\"rating-rate\" class=\"form-input form-select\" name=\"revrating\">\n            <option value=\"\">{{lang 'product.reviews.form.select_a_rating'}}</option>\n            {{#enumerate 1 5}}\n              <option value=\"{{this}}\">{{lang 'product.reviews.stars_count' rating=this}}</option>\n            {{/enumerate}}\n          </select>\n        </span>\n      </label>\n    </div>\n\n    {{!-- Name --}}\n    {{> core/forms/common/text label=(lang 'product.reviews.form.name') name=\"revfromname\" id=\"revfromname\" required=\"true\" prefill=(lang 'product.reviews.form.name')}}\n\n    {{!-- Email --}}\n    {{> core/forms/common/email label=(lang 'product.reviews.form.email') name=\"email\" id=\"rating-email\" required=\"true\" prefill=(lang 'product.reviews.form.email')}}\n\n    {{!-- Subject --}}\n    {{> core/forms/common/text label=(lang 'product.reviews.form.subject') name=\"revtitle\" id=\"rating-title\" required=\"true\" prefill=(lang 'product.reviews.form.subject')}}\n\n    {{!-- Comments --}}\n    {{> core/forms/common/multiline label=(lang 'product.reviews.form.comments') name=\"revtext\" id=\"rating-comment\" required=\"true\" rows=6 prefill=(lang 'product.reviews.form.comments')}}\n\n    {{!-- Captcha --}}\n    {{{product.reviews.recaptcha.markup}}}\n\n    <input type=\"submit\" class=\"form-submit button\" value=\"{{lang 'product.reviews.form.submit'}}\">\n\n    <input type=\"hidden\" name=\"product_id\" value=\"{{product.id}}\" />\n    <input type=\"hidden\" name=\"action\" value=\"post_review\" />\n    {{#if product.reviews.throttleToken}}\n      <input type=\"hidden\" name=\"throttleToken\" value=\"{{product.reviews.throttleToken}}\">\n    {{/if}}\n  </form>\n</div>\n","components/products/review":"{{#if @index \"<\" review_count}}\n  <article class=\"review default\">\n{{/if}}\n{{#if @index \">=\" review_count}}\n  <article class=\"review supplementary\">\n{{/if}}\n  <header class=\"review-header\">\n    <h1 class=\"review-title\">{{title}}</h1>\n    <div class=\"review-rating\">\n      {{> components/products/ratings rating=rating}}\n    </div>\n    {{#if name}}\n      <span class=\"review-meta\">{{lang 'products.reviews.post_on_by' name=name date=date}}</span>\n    {{else}}\n      <time class=\"review-date\">{{date}}</time>\n    {{/if}}\n  </header>\n  <section class=\"review-comment\">{{text}}</section>\n</article>\n","core/forms/common/text":"\n<div class=\"form-field form-field-common form-field-text {{#if required}} form-required{{/if}}\" id=\"{{id}}\">\n  <label class=\"form-label\">\n    <span class=\"form-field-title\">\n      {{label}}\n      {{#if required}}<span class=\"required-text\">{{lang 'common.required'}}</span>{{/if}}\n    </span>\n    <span class=\"form-field-control\">\n      <input class=\"form-input\"\n        id=\"input-{{id}}\"\n        name=\"{{name}}\"\n        type=\"text\"\n        placeholder=\"{{prefill}}\"\n        {{#if value}}value=\"{{value}}\"{{/if}}\n        {{#if private_id}}data-field-type=\"{{private_id}}\"{{/if}}\n        {{#if required}}required{{/if}}\n        aria-required=\"{{required}}\">\n    </span>\n  </label>\n</div>\n","core/forms/common/email":"\n<div class=\"form-field form-field-common form-field-email {{#if required}} form-required{{/if}}\" id=\"{{id}}\">\n  <label class=\"form-label\">\n    <span class=\"form-field-title\">\n      {{label}}\n      {{#if required}}<span class=\"required-text\">{{lang 'common.required'}}</span>{{/if}}\n    </span>\n    <span class=\"form-field-control\">\n      <input class=\"form-input\"\n        id=\"input-{{id}}\"\n        name=\"{{name}}\"\n        type=\"email\"\n        placeholder=\"{{prefill}}\"\n        {{#if value}}value=\"{{value}}\"{{/if}}\n        {{#if private_id}}data-field-type=\"{{private_id}}\"{{/if}}\n        {{#if required}}required{{/if}}\n        aria-required=\"{{required}}\">\n    </span>\n  </label>\n</div>\n","core/forms/common/multiline":"{{!\n  Textarea form component\n\n  @param validation_message string\n         Custom validation message\n}}\n<div class=\"form-field form-field-common form-field-multiline {{#if required}}form-required{{/if}}\" id=\"{{id}}\">\n  <label class=\"form-label\">\n    <span class=\"form-field-title\">\n      {{label}}\n      {{#if required}}<span class=\"required-text\">{{lang 'common.required'}}</span>{{/if}}\n    </span>\n    <span class=\"form-field-control\">\n      <textarea\n        class=\"form-input\"\n        id=\"textarea-{{id}}\"\n        name=\"{{name}}\"\n        placeholder=\"{{prefill}}\"\n        rows=\"{{rows}}\"\n        {{#if required}}\n          required\n          {{#if validation_message}}\n            data-vd-message-required=\"{{validation_message}}\"\n          {{/if}}\n        {{/if}}\n        aria-required=\"{{required}}\">{{value}}</textarea>\n    </span>\n  </label>\n</div>\n","components/products/ratings":"\n<div class=\"product-rating\">\n  <div class=\"rating-stars-readonly\" aria-hidden=\"true\">\n    {{#for 1 5}}\n      <i class=\"rating-star {{#if ../rating '>=' $index}}star-full{{else}}star-empty{{/if}}\"></i>\n    {{/for}}\n  </div>\n  <span class=\"rating-total-score sr-only\">{{this.rating}}</span>\n  {{#if aggregate}}\n    <a class=\"rating-total-votes\" href=\"#user-reviews\">({{product.num_reviews}})</a>\n  {{/if}}\n</div>\n"}